{"data": [10.9, 10.9, 11.0, 11.2, 11.8, 11.8, 12.7, 12.9, 12.4, 14.2, 14.8, 14.8, 15.4, 14.6, 14.1, 13.3, 12.6, 11.1, 11.2, 11.6, 11.6, 11.5, 11.2, 12.9, 14.1, 14.0, 12.5, 12.5, 10.8, 10.9, 11.3, 11.4, 11.0, 11.9, 12.4, 12.9, 13.0, 13.5, 14.3, 14.6, 14.8, 14.5, 14.0, 13.2, 12.2, 12.1, 12.2, 11.8, 11.2, 10.9], "data_sorted": [10.8, 10.9, 10.9, 10.9, 10.9, 11.0, 11.0, 11.1, 11.2, 11.2, 11.2, 11.2, 11.3, 11.4, 11.5, 11.6, 11.6, 11.8, 11.8, 11.8, 11.9, 12.1, 12.2, 12.2, 12.4, 12.4, 12.5, 12.5, 12.6, 12.7, 12.9, 12.9, 12.9, 13.0, 13.2, 13.3, 13.5, 14.0, 14.0, 14.1, 14.1, 14.2, 14.3, 14.5, 14.6, 14.6, 14.8, 14.8, 14.8, 15.4], "k": 7, "n": 50, "x_min": 10.8, "x_max": 15.4, "R": 4.6, "d": 0.6571428571428571, "intervals": [[10.8, 11.457142857142857], [11.457142857142857, 12.114285714285714], [12.114285714285714, 12.77142857142857], [12.77142857142857, 13.428571428571427], [13.428571428571427, 14.085714285714284], [14.085714285714284, 14.74285714285714], [14.74285714285714, 15.399999999999997]], "empirical_frequencies": [14, 8, 8, 6, 3, 7, 4], "interval_frequencies": [0.28, 0.16, 0.16, 0.12, 0.06, 0.14, 0.08], "middle_points": [11.12857142857143, 11.785714285714285, 12.442857142857143, 13.099999999999998, 13.757142857142856, 14.414285714285711, 15.07142857142857], "accumulated_frequencies": [0.28, 0.44000000000000006, 0.6000000000000001, 0.7200000000000001, 0.78, 0.92, 1.0], "empirical_density": [0.42608695652173917, 0.24347826086956523, 0.24347826086956523, 0.1826086956521739, 0.09130434782608696, 0.21304347826086958, 0.12173913043478261], "border_points": [10.8, 11.457142857142857, 12.114285714285714, 12.77142857142857, 13.428571428571427, 14.085714285714284, 14.74285714285714, 15.399999999999997], "sample_mean": 12.613714285714284, "sample_variance": 1.7758853877550962, "corrected_sample_variance": 1.8121279466888738, "mean_square_deviation": 1.346153017561107, "sample_asymmetry": 0.4507544251020933, "sample_excess": -1.1919804626386001}