{"data": [13.2, 11.9, 11.9, 13.4], "k": 2, "data_sorted": [11.9, 11.9, 13.2, 13.4], "n": 4, "x_min": 11.9, "x_max": 13.4, "R": 1.5, "d": 0.75, "unsorted_data": "first_part_pics/unsorted_data.png", "sorted_data": "first_part_pics/sorted_data.png", "intervals": [[11.9, 12.65], [12.65, 13.4]], "empirical_frequencies": [2, 2], "interval_frequencies": [0.5, 0.5], "middle_points": [12.275, 13.025], "accumulated_frequencies": [0.5, 1.0], "empirical_density": [0.6666666666666666, 0.6666666666666666], "border_points": [11.9, 12.65, 13.4], "emp_distr_function": "first_part_pics/emp_distr_function.png", "emp_density_no_curve": "first_part_pics/emp_density_no_curve.png", "sample_mean": 12.65, "sample_variance": 0.140625, "corrected_sample_variance": 0.1875, "mean_square_deviation": 0.4330127018922193, "sample_asymmetry": 0.0, "sample_excess": -2.4375, "emp_density_normal": "first_part_pics/emp_density_normal.png", "emp_density_lin": "first_part_pics/emp_density_lin.png", "emp_density_exp": "first_part_pics/emp_density_exp.png", "theoretical_probabilities_normal": [0.4583677416682249, 0.4583677416682249], "theoretical_frequencies_normal": [1.8334709666728997, 1.8334709666728997], "theoretical_probabilities_exp": [0.02247057599039115, 0.02117705283645055], "theoretical_frequencies_exp": [0.0898823039615646, 0.0847082113458022], "theoretical_probabilities_lin": [0.5, 0.5], "theoretical_frequencies_lin": [2.0, 2.0], "min_frequency_value": 0.4, "united_frequencies": [2, 2], "united_theoretical_frequencies_normal": [1.8334709666728997, 1.8334709666728997], "united_theoretical_frequencies_exp": [0.0898823039615646, 0.0847082113458022], "united_theoretical_frequencies_lin": [2.0, 2.0], "chi_squared_normal": 0.030250731475919803, "chi_squared_exp": 83.89815644753119, "chi_squared_lin": 0.0, "theoretical_distribution_function_normal": [0.041632258331775085, 0.5, 0.9583677416682249], "kolmogorov_statistics_normal": 0.08326451666355017, "theoretical_distribution_function_exp": [0.6096499828381665, 0.6321205588285577, 0.6532976116650082], "kolmogorov_statistics_exp": 1.219299965676333, "theoretical_distribution_function_lin": [0.0, 0.5, 1.0], "kolmogorov_statistics_lin": 0.0}