{"data": [24.7, 24.8, 24.8, 25.4, 25.7, 25.8, 25.7, 26.1, 26.2, 26.2, 26.3, 26.3, 26.4, 26.4, 26.4, 26.5, 26.5, 26.5, 26.6, 26.7, 26.7, 26.7, 26.8, 26.8, 26.9, 26.9, 27, 27, 27, 27.1, 27.2, 27.2, 27.2, 27.3, 27.4, 27.5, 27.5, 27.6, 27.6, 27.6, 27.6, 27.6, 27.7, 27.7, 27.8, 27.9, 28.2, 28.6, 28.7, 28.9], "data_sorted": [24.7, 24.8, 24.8, 25.4, 25.7, 25.7, 25.8, 26.1, 26.2, 26.2, 26.3, 26.3, 26.4, 26.4, 26.4, 26.5, 26.5, 26.5, 26.6, 26.7, 26.7, 26.7, 26.8, 26.8, 26.9, 26.9, 27, 27, 27, 27.1, 27.2, 27.2, 27.2, 27.3, 27.4, 27.5, 27.5, 27.6, 27.6, 27.6, 27.6, 27.6, 27.7, 27.7, 27.8, 27.9, 28.2, 28.6, 28.7, 28.9], "k": 7, "n": 50, "x_min": 24.7, "x_max": 28.9, "R": 4.199999999999999, "d": 0.5999999999999999, "intervals": [[24.7, 25.3], [25.3, 25.900000000000002], [25.900000000000002, 26.500000000000004], [26.500000000000004, 27.100000000000005], [27.100000000000005, 27.700000000000006], [27.700000000000006, 28.300000000000008], [28.300000000000008, 28.90000000000001]], "empirical_frequencies": [3, 4, 8, 14, 13, 5, 3], "interval_frequencies": [0.06, 0.08, 0.16, 0.28, 0.26, 0.1, 0.06], "middle_points": [25.0, 25.6, 26.200000000000003, 26.800000000000004, 27.400000000000006, 28.000000000000007, 28.60000000000001], "accumulated_frequencies": [0.06, 0.14, 0.30000000000000004, 0.5800000000000001, 0.8400000000000001, 0.9400000000000001, 1.0], "empirical_density": [0.10000000000000002, 0.13333333333333336, 0.2666666666666667, 0.46666666666666684, 0.43333333333333346, 0.1666666666666667, 0.10000000000000002], "border_points": [24.7, 25.3, 25.900000000000002, 26.500000000000004, 27.100000000000005, 27.700000000000006, 28.300000000000008, 28.90000000000001]}