{"data": [13.2, 11.9, 11.9, 13.4, 13.4, 13.3, 11.9, 12.1, 12.6, 13.9, 10.7, 12.3, 10.6, 10.4, 10.6, 11, 11, 10.8, 10.8, 10.6, 10.9, 11.9, 11.6, 11.9, 11.3, 11.9, 11.4, 11.3, 11, 10.8, 10.9, 10.9, 11, 11.2, 11.8, 11.8, 12.7, 12.9, 12.4, 14.2, 14.8, 14.8, 15.4, 14.6, 14.1, 13.3, 12.6, 11.1, 11.2, 11.6], "k": 7, "data_sorted": [10.4, 10.6, 10.6, 10.6, 10.7, 10.8, 10.8, 10.8, 10.9, 10.9, 10.9, 11, 11, 11, 11, 11.1, 11.2, 11.2, 11.3, 11.3, 11.4, 11.6, 11.6, 11.8, 11.8, 11.9, 11.9, 11.9, 11.9, 11.9, 11.9, 12.1, 12.3, 12.4, 12.6, 12.6, 12.7, 12.9, 13.2, 13.3, 13.3, 13.4, 13.4, 13.9, 14.1, 14.2, 14.6, 14.8, 14.8, 15.4], "n": 50, "x_min": 10.4, "x_max": 15.4, "R": 5.0, "d": 0.7142857142857143, "unsorted_data": "first_part_pics/unsorted_data.png", "sorted_data": "first_part_pics/sorted_data.png", "intervals": [[10.4, 11.114285714285714], [11.114285714285714, 11.828571428571427], [11.828571428571427, 12.542857142857141], [12.542857142857141, 13.257142857142854], [13.257142857142854, 13.971428571428568], [13.971428571428568, 14.685714285714282], [14.685714285714282, 15.399999999999995]], "empirical_frequencies": [16, 9, 9, 5, 5, 3, 3], "interval_frequencies": [0.32, 0.18, 0.18, 0.1, 0.1, 0.06, 0.06], "middle_points": [10.757142857142856, 11.471428571428572, 12.185714285714283, 12.899999999999999, 13.61428571428571, 14.328571428571426, 15.042857142857137], "accumulated_frequencies": [0.32, 0.5, 0.6799999999999999, 0.78, 0.88, 0.94, 1.0], "empirical_density": [0.448, 0.252, 0.252, 0.14, 0.14, 0.08399999999999999, 0.08399999999999999], "border_points": [10.4, 11.114285714285714, 11.828571428571427, 12.542857142857141, 13.257142857142854, 13.971428571428568, 14.685714285714282, 15.399999999999995], "emp_distr_function": "first_part_pics/emp_distr_function.png", "emp_density_no_curve": "first_part_pics/emp_density_no_curve.png", "sample_mean": 12.114285714285714, "sample_variance": 1.7602040816326223, "corrected_sample_variance": 1.7961266139108392, "mean_square_deviation": 1.3401964833228146, "sample_asymmetry": 0.7048933972962619, "sample_excess": -0.6700829136735296, "emp_density_normal": "first_part_pics/emp_density_normal.png", "emp_density_lin": "first_part_pics/emp_density_lin.png", "emp_density_exp": "first_part_pics/emp_density_exp.png", "theoretical_probabilities_normal": [0.1273599952755099, 0.1878044136486402, 0.20984338107698094, 0.1776685658663318, 0.11398247830442781, 0.055404090808359785, 0.02040163201711459], "theoretical_frequencies_normal": [6.367999763775495, 9.39022068243201, 10.492169053849047, 8.883428293316591, 5.69912391522139, 2.770204540417989, 1.0200816008557294], "theoretical_probabilities_exp": [0.02426586917920337, 0.022876462381159313, 0.021566609760061917, 0.02033175623018829, 0.01916760751934743, 0.018070115235310602, 0.01703546278729945], "theoretical_frequencies_exp": [1.2132934589601685, 1.1438231190579655, 1.078330488003096, 1.0165878115094147, 0.9583803759673715, 0.9035057617655301, 0.8517731393649725], "theoretical_probabilities_lin": [0.14285714285714285, 0.14285714285714285, 0.14285714285714285, 0.14285714285714285, 0.14285714285714285, 0.14285714285714285, 0.14285714285714285], "theoretical_frequencies_lin": [7.142857142857142, 7.142857142857142, 7.142857142857142, 7.142857142857142, 7.142857142857142, 7.142857142857142, 7.142857142857142], "min_frequency_value": 5.0, "united_frequencies": [16, 9, 9, 5, 11], "united_theoretical_frequencies_normal": [6.367999763775495, 9.39022068243201, 10.492169053849047, 8.883428293316591, 9.489410056495108], "united_theoretical_frequencies_exp": [1.2132934589601685, 1.1438231190579655, 1.078330488003096, 1.0165878115094147, 2.7136592770978742], "united_theoretical_frequencies_lin": [7.142857142857142, 7.142857142857142, 7.142857142857142, 7.142857142857142, 21.428571428571427], "chi_squared_normal": 16.735558009051445, "chi_squared_exp": 333.27421160682013, "chi_squared_lin": 17.666666666666668, "theoretical_distribution_function_normal": [0.10042561590687993, 0.22778561118238982, 0.41559002483103, 0.625433405908011, 0.8031019717743428, 0.9170844500787706, 0.9724885408871304, 0.992890172904245], "kolmogorov_statistics_normal": 0.7101163401259042, "theoretical_distribution_function_exp": [0.5761987001567028, 0.6004645693359062, 0.6233410317170656, 0.6449076414771274, 0.6652393977073157, 0.6844070052266631, 0.7024771204619737, 0.7195125832492733], "kolmogorov_statistics_exp": 4.074340081916787, "theoretical_distribution_function_lin": [0.0, 0.14285714285714285, 0.2857142857142857, 0.42857142857142855, 0.5714285714285714, 0.7142857142857143, 0.8571428571428571, 1.0], "kolmogorov_statistics_lin": 1.7778684784118908}