{"data": [24.7, 24.8, 24.8, 25.4, 25.7, 25.8, 25.7, 26.1, 26.2, 26.2, 26.3, 26.3, 26.4, 26.4, 26.4, 26.5, 26.5, 26.5, 26.6, 26.7, 26.7, 26.7, 26.8, 26.8, 26.9, 26.9, 27, 27, 27, 27.1, 27.2, 27.2, 27.2, 27.3, 27.4, 27.5, 27.5, 27.6, 27.6, 27.6, 27.6, 27.6, 27.7, 27.7, 27.8, 27.9, 28.2, 28.6, 28.7, 28.9], "data_sorted": [24.7, 24.8, 24.8, 25.4, 25.7, 25.7, 25.8, 26.1, 26.2, 26.2, 26.3, 26.3, 26.4, 26.4, 26.4, 26.5, 26.5, 26.5, 26.6, 26.7, 26.7, 26.7, 26.8, 26.8, 26.9, 26.9, 27, 27, 27, 27.1, 27.2, 27.2, 27.2, 27.3, 27.4, 27.5, 27.5, 27.6, 27.6, 27.6, 27.6, 27.6, 27.7, 27.7, 27.8, 27.9, 28.2, 28.6, 28.7, 28.9], "k": 7, "n": 50, "x_min": 24.7, "x_max": 28.9, "R": 4.199999999999999, "d": 0.5999999999999999}