{"data": [24.7, 24.8, 24.8, 25.4, 25.7, 25.8, 25.7, 26.1, 26.2, 26.2, 26.3, 26.3, 26.4, 26.4, 26.4, 26.5, 26.5, 26.5, 26.6, 26.7, 26.7, 26.7, 26.8, 26.8, 26.9, 26.9, 27, 27, 27, 27.1, 27.2, 27.2, 27.2, 27.3, 27.4, 27.5, 27.5, 27.6, 27.6, 27.6, 27.6, 27.6, 27.7, 27.7, 27.8, 27.9, 28.2, 28.6, 28.7, 28.9], "k": 7, "data_sorted": [24.7, 24.8, 24.8, 25.4, 25.7, 25.7, 25.8, 26.1, 26.2, 26.2, 26.3, 26.3, 26.4, 26.4, 26.4, 26.5, 26.5, 26.5, 26.6, 26.7, 26.7, 26.7, 26.8, 26.8, 26.9, 26.9, 27, 27, 27, 27.1, 27.2, 27.2, 27.2, 27.3, 27.4, 27.5, 27.5, 27.6, 27.6, 27.6, 27.6, 27.6, 27.7, 27.7, 27.8, 27.9, 28.2, 28.6, 28.7, 28.9], "n": 50, "x_min": 24.7, "x_max": 28.9, "R": 4.199999999999999, "d": 0.5999999999999999, "unsorted_data": "first_part_pics/unsorted_data.png", "sorted_data": "first_part_pics/sorted_data.png", "intervals": [[24.7, 25.3], [25.3, 25.900000000000002], [25.900000000000002, 26.500000000000004], [26.500000000000004, 27.100000000000005], [27.100000000000005, 27.700000000000006], [27.700000000000006, 28.300000000000008], [28.300000000000008, 28.90000000000001]], "empirical_frequencies": [3, 4, 8, 14, 13, 5, 3], "interval_frequencies": [0.06, 0.08, 0.16, 0.28, 0.26, 0.1, 0.06], "middle_points": [25.0, 25.6, 26.200000000000003, 26.800000000000004, 27.400000000000006, 28.000000000000007, 28.60000000000001], "accumulated_frequencies": [0.06, 0.14, 0.30000000000000004, 0.5800000000000001, 0.8400000000000001, 0.9400000000000001, 1.0], "empirical_density": [0.10000000000000002, 0.13333333333333336, 0.2666666666666667, 0.46666666666666684, 0.43333333333333346, 0.1666666666666667, 0.10000000000000002], "border_points": [24.7, 25.3, 25.900000000000002, 26.500000000000004, 27.100000000000005, 27.700000000000006, 28.300000000000008, 28.90000000000001], "emp_distr_function": "first_part_pics/emp_distr_function.png", "emp_density_no_curve": "first_part_pics/emp_density_no_curve.png", "sample_mean": 26.884000000000007, "sample_variance": 0.7921440000000075, "corrected_sample_variance": 0.8083102040816403, "mean_square_deviation": 0.8990607343676179, "sample_asymmetry": -0.19822352323225034, "sample_excess": -0.3947076992331051, "emp_density_normal": "first_part_pics/emp_density_normal.png", "emp_density_lin": "first_part_pics/emp_density_lin.png", "emp_density_exp": "first_part_pics/emp_density_exp.png", "theoretical_probabilities_normal": [0.03148222406533546, 0.0978249538704084, 0.19777549550254733, 0.2602833308845692, 0.22302681350534553, 0.12441025564142899, 0.04516117628221811], "theoretical_frequencies_normal": [1.574111203266773, 4.8912476935204205, 9.888774775127366, 13.014166544228459, 11.151340675267276, 6.22051278207145, 2.2580588141109055], "theoretical_probabilities_exp": [0.008806569282988841, 0.008612200364718048, 0.008422121343588329, 0.00823623753770475, 0.00805445635488733, 0.00787668724654883, 0.007702841662590609], "theoretical_frequencies_exp": [0.44032846414944204, 0.4306100182359024, 0.42110606717941645, 0.41181187688523746, 0.40272281774436647, 0.3938343623274415, 0.38514208312953047], "theoretical_probabilities_lin": [0.14285714285714285, 0.14285714285714285, 0.14285714285714285, 0.14285714285714285, 0.14285714285714285, 0.14285714285714285, 0.14285714285714285], "theoretical_frequencies_lin": [7.142857142857142, 7.142857142857142, 7.142857142857142, 7.142857142857142, 7.142857142857142, 7.142857142857142, 7.142857142857142], "min_frequency_value": 5.0, "united_frequencies": [7, 8, 14, 13, 8], "united_theoretical_frequencies_normal": [6.465358896787194, 9.888774775127366, 13.014166544228459, 11.151340675267276, 8.478571596182356], "united_theoretical_frequencies_exp": [0.8709384823853444, 0.42110606717941645, 0.41181187688523746, 0.40272281774436647, 0.778976445456972], "united_theoretical_frequencies_lin": [14.285714285714285, 7.142857142857142, 7.142857142857142, 7.142857142857142, 14.285714285714285], "chi_squared_normal": 0.813130405684773, "chi_squared_exp": 1088.8754573370177, "chi_squared_lin": 17.970000000000002, "theoretical_distribution_function_normal": [0.0075660525354107055, 0.03904827660074617, 0.13687323047115457, 0.3346487259737019, 0.5949320568582711, 0.8179588703636166, 0.9423691260050455, 0.9875303022872637], "kolmogorov_statistics_normal": 0.2450034909547903, "theoretical_distribution_function_exp": [0.6009873223247463, 0.6097938916077351, 0.6184060919724532, 0.6268282133160414, 0.6350644508537462, 0.6431189072086336, 0.6509955944551824, 0.658698436117773], "kolmogorov_statistics_exp": 4.249622110229735, "theoretical_distribution_function_lin": [0.0, 0.14285714285714285, 0.2857142857142857, 0.42857142857142855, 0.5714285714285714, 0.7142857142857143, 0.8571428571428571, 1.0], "kolmogorov_statistics_lin": 1.0303555954432548}